[
  {
    "id": 2,
    "nombre": "Blue",
    "especie": "VELOCIRAPTOR",
    "nivelPeligrosidad": 7,
    "anioDescubrimiento": 1924
  },
  {
    "id": 4,
    "nombre": "Bronte",
    "especie": "BRONTOSAURIO",
    "nivelPeligrosidad": 3,
    "anioDescubrimiento": 1878
  },
  {
    "id": 1,
    "nombre": "Rexy",
    "especie": "TREX",
    "nivelPeligrosidad": 10,
    "anioDescubrimiento": 1905
  },
  {
    "id": 5,
    "nombre": "SkyWing",
    "especie": "PTERODACTILO",
    "nivelPeligrosidad": 6,
    "anioDescubrimiento": 1911
  },
  {
    "id": 3,
    "nombre": "Spike",
    "especie": "TRICERATOPS",
    "nivelPeligrosidad": 5,
    "anioDescubrimiento": 1889
  },
  {
    "id": 6,
    "nombre": "SwiftClaw",
    "especie": "VELOCIRAPTOR",
    "nivelPeligrosidad": 8,
    "anioDescubrimiento": 1930
  }
]